{
  "items": [
    {
      "sys": { "id": "1" },
      "fields": {
        "title": "queen panel bed",
        "price": 10.99,
        "image": {
          "fields": {
            "file": { "url": "/images/product-1.jpeg" },
            "inStock": 0
          }
        }
      }
    },
    {
      "sys": { "id": "2" },
      "fields": {
        "title": "king panel bed",
        "price": 12.99,
        "image": {
          "fields": { "file": { "url": "/images/product-2.jpeg" } }
        },
        "inStock": 3
      }
    },
    {
      "sys": { "id": "3" },
      "fields": {
        "title": "single panel bed",
        "price": 12.99,
        "image": {
          "fields": { "file": { "url": "/images/product-3.jpeg" } }
        },
        "inStock": 4
      }
    },
    {
      "sys": { "id": "4" },
      "fields": {
        "title": "twin panel bed",
        "price": 22.99,
        "image": {
          "fields": { "file": { "url": "/images/product-4.jpeg" } }
        },
        "inStock": 5
      }
    },
    {
      "sys": { "id": "5" },
      "fields": {
        "title": "fridge",
        "price": 88.99,
        "image": {
          "fields": { "file": { "url": "/images/product-5.jpeg" } }
        },
        "inStock": 6
      }
    },
    {
      "sys": { "id": "6" },
      "fields": {
        "title": "dresser",
        "price": 32.99,
        "image": {
          "fields": { "file": { "url": "/images/product-6.jpeg" } }
        },
        "inStock": 7
      }
    },
    {
      "sys": { "id": "7" },
      "fields": {
        "title": "couch",
        "price": 45.99,
        "image": {
          "fields": { "file": { "url": "/images/product-7.jpeg" } }
        },
        "inStock": 8
      }
    },
    {
      "sys": { "id": "8" },
      "fields": {
        "title": "table",
        "price": 33.99,
        "image": {
          "fields": { "file": { "url": "/images/product-8.jpeg" } }
        }
      },
      "inStock": 9
    }
  ]
}
